no,name
440,10th
991,11th
406,12th
143,13th
647,1st
595,2nd
725,3rd
171,4th
130,5th
50,6th
690,7th
10,8th
822,9th
711,A
605,Airport
453,Aloha
628,Apache
542,Arkansas
753,Aspen
255,Bay
11,Birch
893,Broadway
493,California
295,Canyon
963,Cedar
775,Center
537,Cherry
560,Church
719,Colorado
353,Columbine
857,Connecticut
159,Cottonwood
344,County Line
263,Cypress
301,Delaware
991,Dogwood
858,Elm
26,Evergreen
162,Florida
988,Georgia
77,Hampton
852,Hawaii
998,Hemlock
898,Hickory
563,Highland
602,Hill
351,Hillside
191,Holly
144,Idaho
104,Illinois
446,Indiana
155,Iowa
996,Jackson
938,Johnson
449,Juniper
959,Kahili
713,Kansas
986,Kentucky
519,Kukui
432,Lake
340,Lakeview
376,Laurel
591,Lee
684,Lehua
639,Lincoln
892,Louisiana
675,Magnolia
497,Main
562,Oak
816,Wood
981,Wyoming
533,Laurel
868,Lee
423,Lehua
663,Lincoln
198,Louisiana
585,Magnolia
894,Main
79,Maine
420,Malulani
918,Maine
837,Malulani
485,Maple
995,Maryland
689,Massachusetts
483,Meadow
893,Mesquite
252,Michigan
85,Minnesota
244,Mississippi
443,Missouri
229,Montana
347,Mountain View
888,N 400
384,Narragansett
344,Navajo
827,Nebraska
833,Nevada
303,New Hampshire
540,New Jersey
819,New Mexico
822,New York
972,North
159,North Carolina
199,North Dakota
843,Ohio
838,Oklahoma
454,Orchard
518,Oregon
335,Palo Verde
373,Park
355,Pecan
820,Pennsylvania
367,Pine
43,Pinon
303,Pioneer
260,Pleasant
295,Quail
389,Redwood
504,Rhode Island
738,Ridge
618,River
852,S 100
626,S 400
2,Shore
195,Smith
453,South Carolina
835,South Dakota
498,Spruce
993,Sunset
655,Sycamore
321,Tennessee
965,Texas
814,Utah
520,Vermont
527,Virginia
657,Walnut
358,Washington
981,West
174,West Virginia
693,Williams
354,Willow
529,Wilson
513,Wisconsin
721,Wood
572,Wyoming
613,10th
916,11th
86,12th
130,13th
659,1st
589,2nd
34,3rd
535,4th
3,5th
961,6th
604,7th
463,8th
581,9th
137,A
477,Airport
433,Aloha
517,Apache
37,Arkansas
663,Aspen
40,Bay
834,Birch
539,Broadway
426,California
159,Canyon
142,Cedar
751,Center
958,Cherry
213,Church
974,Colorado
151,Columbine
152,Connecticut
588,Cottonwood
67,County Line
238,Cypress
718,Delaware
726,Dogwood
827,Elm
752,Evergreen
261,Florida
830,Georgia
714,Hampton
865,Hawaii
294,Hemlock
295,Hickory
3,Highland
770,Hill
728,Hillside
520,Holly
807,Idaho
390,Illinois
560,Indiana
641,Iowa
929,Jackson
986,Johnson
801,Juniper
71,Kahili
737,Kansas
759,Kentucky
284,Kukui
712,Lake
910,Lakeview
436,Laurel
299,Lee
977,Lehua
674,Lincoln
17,Louisiana
703,Magnolia
501,Main
770,Maine
964,Malulani
331,Maple
483,Maryland
829,Massachusetts
625,Meadow
778,Mesquite
832,Michigan
395,Minnesota
506,Mississippi
353,Missouri
202,Montana
896,Mountain View
912,N 400
844,Narragansett
825,Navajo
898,Nebraska
645,Nevada
896,New Hampshire
636,New Jersey
403,New Mexico
180,New York
347,North
313,North Carolina
616,North Dakota
647,Oak
290,Ohio
290,Oklahoma
664,Orchard
868,10th
205,11th
486,12th
606,13th
823,1st
337,2nd
232,3rd
825,4th
533,5th
686,6th
661,7th
31,8th
679,9th
316,A
352,Airport
643,Aloha
129,Apache
871,Arkansas
170,Aspen
786,Bay
229,Birch
151,Broadway
960,California
922,Canyon
504,Cedar
489,Center
435,Cherry
226,Church
62,Colorado
251,Columbine
207,Connecticut
929,Cottonwood
456,County Line
693,Cypress
535,Delaware
280,Dogwood
30,Elm
768,Evergreen
105,Florida
562,Georgia
453,Hampton
766,Hawaii
593,Hemlock
132,Hickory
81,Highland
945,Hill
775,Hillside
211,Holly
817,Idaho
945,Illinois
997,Indiana
45,Iowa
95,Jackson
957,Johnson
967,Juniper
600,Kahili
447,Kansas
402,Kentucky
826,Kukui
508,Lake
653,Lakeview
33,Laurel
438,Lee
109,Lehua
725,Lincoln
973,Louisiana
388,Magnolia
755,Main
740,Maine
493,Malulani
317,Maple
194,Maryland
259,Massachusetts
911,Meadow
325,Mesquite
340,Michigan
856,Minnesota
100,Mississippi
551,Missouri
672,Montana
45,Mountain View
548,N 400
718,Narragansett
140,Navajo
506,Nebraska
685,Nevada
740,New Hampshire
952,New Jersey
87,New Mexico
566,New York
461,North
739,North Carolina
598,North Dakota
898,Oak
848,Ohio
323,Oklahoma
871,Orchard
237,Oregon
78,Palo Verde
611,Park
730,Pecan
395,Pennsylvania
805,Pine
989,Pinon
306,Pioneer
131,Pleasant
330,Quail
162,Redwood
231,Rhode Island
881,Ridge
835,River
275,S 100
429,S 400
553,Shore
416,Smith
935,South Carolina
238,South Dakota
156,Spruce
887,Sunset
324,Sycamore
722,Tennessee
347,Texas
64,Utah
320,Vermont
245,Virginia
912,Walnut
643,Washington
116,West
149,West Virginia
722,Williams
728,Willow
879,Wilson
117,Wisconsin
993,Oregon
790,Palo Verde
433,Park
957,Pecan
121,Pennsylvania
917,Pine
786,Pinon
746,Pioneer
695,Pleasant
618,Quail
141,Redwood
200,Rhode Island
971,Ridge
343,River
96,S 100
883,S 400
187,Shore
921,Smith
782,South Carolina
831,South Dakota
817,Spruce
417,Sunset
235,Sycamore
997,Tennessee
765,Texas
547,Utah
613,Vermont
411,Virginia
837,Walnut
903,Washington
75,West
830,West Virginia
693,Williams
509,Willow
786,Wilson
814,Wisconsin
425,Wood
572,Wyoming
574,10th
466,11th
796,12th
149,13th
972,1st
484,2nd
517,3rd
392,4th
19,5th
518,6th
865,7th
624,8th
772,9th
742,A
846,Airport
170,Maple
508,Maryland
973,Massachusetts
585,Meadow
442,Mesquite
210,Michigan
741,Minnesota
329,Mississippi
535,Missouri
463,Montana
676,Mountain View
598,N 400
783,Narragansett
922,Navajo
510,Nebraska
427,Nevada
38,New Hampshire
659,New Jersey
148,New Mexico
766,New York
538,North
265,North Carolina
299,North Dakota
406,Oak
688,Ohio
962,Oklahoma
604,Orchard
274,Oregon
856,Palo Verde
683,Park
694,Pecan
26,Pennsylvania
190,Pine
666,Pinon
612,Pioneer
632,Pleasant
877,Quail
353,Redwood
961,Rhode Island
411,Ridge
816,River
637,S 100
10,S 400
599,Shore
559,Smith
520,South Carolina
26,South Dakota
597,Spruce
179,Sunset
174,Sycamore
362,Tennessee
717,Texas
439,Utah
661,Vermont
124,Virginia
127,Walnut
623,Washington
728,West
401,West Virginia
480,Williams
410,Willow
95,Wilson
506,Wisconsin
601,Wood
761,Wyoming
117,10th
233,11th
638,12th
470,13th
194,1st
49,2nd
286,3rd
831,4th
59,5th
885,6th
389,7th
579,8th
911,9th
986,A
758,Airport
85,Aloha
348,Apache
475,Arkansas
524,Aspen
10,Bay
599,Birch
651,Broadway
633,California
327,Canyon
52,Cedar
112,Center
737,Cherry
147,Church
618,Colorado
338,Columbine
909,Connecticut
735,Cottonwood
571,County Line
546,Cypress
205,Delaware
764,Dogwood
596,Elm
492,Evergreen
595,Florida
654,Georgia
377,Hampton
984,Hawaii
233,Hemlock
288,Hickory
970,Highland
991,Hill
373,Hillside
319,Holly
466,Idaho
897,Illinois
328,Indiana
65,Iowa
549,Jackson
961,Johnson
392,Juniper
601,Kahili
74,Kansas
129,Kentucky
749,Kukui
692,Lake
467,Lakeview
930,Aloha
103,Apache
980,Arkansas
400,Aspen
169,Bay
856,Birch
755,Broadway
586,California
17,Canyon
247,Cedar
81,Center
486,Cherry
690,Church
691,Colorado
656,Columbine
748,Connecticut
265,Cottonwood
122,County Line
545,Cypress
414,Delaware
94,Dogwood
28,Elm
931,Evergreen
485,Florida
47,Georgia
450,Hampton
350,Hawaii
671,Hemlock
221,Hickory
92,Highland
516,Hill
151,Hillside
195,Holly
496,Idaho
550,Illinois
363,Indiana
352,Iowa
305,Jackson
950,Johnson
369,Juniper
552,Kahili
31,Kansas
855,Kentucky
242,Kukui
721,Lake
510,Lakeview
990,Laurel
986,Lee
632,Lehua
534,Lincoln
400,Louisiana
726,Magnolia
563,Main
332,Maine
211,Malulani
610,Maple
781,Maryland
561,Massachusetts
281,Meadow
3,Mesquite
653,Michigan
797,Minnesota
154,Mississippi
848,Missouri
293,Montana
704,Mountain View
211,N 400
645,Narragansett
657,10th
427,11th
38,12th
204,13th
632,1st
802,2nd
799,3rd
124,4th
397,5th
453,6th
501,7th
381,8th
686,9th
789,A
352,Airport
677,Aloha
162,Apache
670,Arkansas
143,Aspen
60,Bay
999,Birch
208,Broadway
608,California
960,Canyon
600,Cedar
210,Center
34,Cherry
730,Church
958,Colorado
725,Columbine
197,Connecticut
615,Cottonwood
152,County Line
235,Cypress
819,Delaware
784,Dogwood
37,Elm
618,Evergreen
908,Florida
434,Georgia
71,Hampton
409,Hawaii
815,Hemlock
758,Hickory
198,Highland
167,Hill
435,Hillside
360,Holly
837,Idaho
578,Illinois
420,Indiana
836,Iowa
786,Jackson
28,Johnson
796,Juniper
386,Kahili
238,Kansas
829,Kentucky
116,Kukui
196,Lake
554,Lakeview
313,Laurel
811,Lee
707,Lehua
548,Lincoln
630,Louisiana
491,Magnolia
585,Main
248,Maine
399,Malulani
19,Maple
320,Maryland
808,Massachusetts
833,Meadow
77,Mesquite
6,Michigan
0,Minnesota
512,Mississippi
367,Missouri
837,Montana
90,Mountain View
787,N 400
673,Narragansett
875,Navajo
815,Nebraska
469,Nevada
262,New Hampshire
53,New Jersey
298,New Mexico
378,New York
249,North
853,North Carolina
691,North Dakota
61,Oak
559,Ohio
239,Oklahoma
691,Orchard
50,Oregon
824,Palo Verde
939,Park
449,Pecan
842,Pennsylvania
259,Pine
257,Pinon
676,Pioneer
336,Pleasant
264,Quail
676,Redwood
848,Rhode Island
631,Ridge
513,River
937,S 100
418,S 400
186,Shore
813,Smith
233,South Carolina
655,South Dakota
75,Spruce
286,Sunset
953,Sycamore
452,Tennessee
536,Texas
806,Utah
143,Vermont
597,Virginia
365,Walnut
10,Navajo
161,Nebraska
14,Nevada
561,New Hampshire
191,New Jersey
869,New Mexico
803,New York
913,North
379,North Carolina
793,North Dakota
899,Oak
11,Ohio
327,Oklahoma
299,Orchard
737,Oregon
890,Palo Verde
631,Park
948,Pecan
500,Pennsylvania
413,Pine
509,Pinon
781,Pioneer
415,Pleasant
162,Quail
578,Redwood
569,Rhode Island
10,Ridge
872,River
274,S 100
221,S 400
517,Shore
283,Smith
382,South Carolina
531,South Dakota
845,Spruce
560,10th
120,11th
190,12th
700,13th
320,1st
161,2nd
44,3rd
416,4th
44,5th
382,Washington
287,West
415,West Virginia
206,Williams
226,Willow
864,Wilson
48,Wisconsin
485,Wood
122,Wyoming
231,6th
337,7th
826,8th
62,9th
155,A
243,Airport
297,Aloha
152,Apache
8,Arkansas
844,Aspen
765,Bay
419,Birch
681,Broadway
668,California
494,Canyon
511,Cedar
361,Center
3,Cherry
297,Church
175,Colorado
428,Columbine
869,Connecticut
734,Cottonwood
548,County Line
60,Cypress
435,Delaware
868,Dogwood
221,Elm
478,Evergreen
284,Florida
265,Georgia
709,Hampton
622,Hawaii
92,Hemlock
771,Hickory
776,Highland
335,Hill
68,Hillside
928,Holly
343,Idaho
912,Illinois
693,Indiana
762,Iowa
593,Jackson
361,Johnson
257,Juniper
104,Kahili
721,Kansas
259,Kentucky
401,Kukui
896,Lake
687,Lakeview
270,Laurel
630,Lee
235,Lehua
329,Lincoln
65,Louisiana
103,Magnolia
550,Main
543,Maine
387,Malulani
816,Maple
252,Maryland
9,Massachusetts
907,Meadow
23,Mesquite
786,Michigan
242,Minnesota
90,Mississippi
714,Missouri
586,Montana
2,Mountain View
407,N 400
348,Narragansett
595,Navajo
767,Nebraska
724,10th
821,11th
385,12th
399,13th
669,1st
16,2nd
912,3rd
606,4th
434,5th
98,6th
419,7th
667,8th
753,9th
494,A
953,Airport
705,Aloha
946,Apache
489,Arkansas
511,Aspen
90,Bay
86,Birch
876,Broadway
472,California
373,Canyon
291,Cedar
678,Center
599,Cherry
155,Church
726,Colorado
84,Columbine
277,Connecticut
449,Cottonwood
905,County Line
662,Cypress
848,Delaware
574,Dogwood
678,Elm
761,Evergreen
181,Florida
112,Georgia
858,Hampton
600,Hawaii
778,Hemlock
611,Hickory
94,Highland
731,Hill
316,Hillside
40,Holly
220,Idaho
827,Illinois
130,Indiana
306,Iowa
703,Jackson
602,Johnson
679,Juniper
994,Kahili
280,Kansas
278,Kentucky
149,Kukui
604,Nevada
698,New Hampshire
488,New Jersey
864,New Mexico
99,New York
384,North
551,North Carolina
368,North Dakota
14,Oak
786,Ohio
698,Oklahoma
78,Orchard
889,Oregon
248,Palo Verde
621,Park
276,Pecan
64,Pennsylvania
873,Pine
286,Pinon
971,Pioneer
895,Pleasant
71,Quail
214,Redwood
986,Rhode Island
785,Ridge
799,River
987,S 100
192,S 400
147,Shore
582,Smith
959,South Carolina
751,South Dakota
280,Spruce
447,Sunset
615,Sycamore
379,Tennessee
831,Texas
166,Utah
6,Lake
362,Lakeview
425,Laurel
455,Lee
268,Lehua
87,Lincoln
303,Louisiana
842,Magnolia
765,Main
64,Maine
22,Malulani
877,Maple
922,Maryland
622,Massachusetts
655,Meadow
533,Mesquite
716,Michigan
387,Minnesota
849,Mississippi
757,Missouri
607,Montana
677,Mountain View
887,N 400
913,Narragansett
380,Navajo
489,Nebraska
592,Nevada
373,New Hampshire
769,New Jersey
870,New Mexico
522,New York
775,North
232,North Carolina
947,North Dakota
230,Oak
500,Ohio
35,Oklahoma
533,Orchard
342,Oregon
800,Palo Verde
597,Park
364,Pecan
677,Pennsylvania
519,Pine
987,Pinon
333,Pioneer
53,Pleasant
703,Quail
720,Redwood
902,Rhode Island
460,Ridge
327,River
579,S 100
348,S 400
240,Shore
958,Smith
837,South Carolina
832,South Dakota
332,Spruce
606,Sunset
702,Sycamore
854,Tennessee
381,Texas
935,Utah
801,Vermont
611,Virginia
435,Walnut
836,Washington
145,West
777,West Virginia
636,Williams
742,Willow
141,Wilson
313,Wisconsin
261,Wood
128,Wyoming
747,Vermont
845,Virginia
952,Walnut
445,Washington
923,West
841,West Virginia
693,Williams
544,Willow
118,Wilson
757,Wisconsin
417,Wood
403,Wyoming
573,Sunset
400,Sycamore
648,Tennessee
486,Texas
779,Utah
441,Vermont
385,Virginia
791,Walnut
769,Washington
684,West
527,West Virginia
659,Williams
316,Willow
475,Wilson
159,Wisconsin
728,Wood
984,Wyoming
646,10th
314,11th
832,12th
365,13th
216,1st
292,2nd
692,3rd
794,4th
639,5th
932,6th
753,7th
476,8th
764,9th
84,A
83,Airport
467,Aloha
938,Apache
464,Arkansas
401,Aspen
739,Bay
76,Birch
836,Broadway
575,California
220,Canyon
613,Cedar
211,Center
962,Cherry
754,Church
524,Colorado
224,Columbine
882,Connecticut
169,Cottonwood
538,County Line
714,Cypress
534,Delaware
754,Dogwood
6,Elm
226,Evergreen
548,Florida
645,Georgia
158,Hampton
301,Hawaii
121,Hemlock
922,Hickory
385,Highland
204,Hill
389,Hillside
323,Holly
668,Idaho
790,Illinois
62,Indiana
744,Iowa
626,Jackson
636,Johnson
964,Juniper
239,Kahili
847,Kansas
926,Kentucky
994,Kukui
371,Lake
150,Lakeview
876,Laurel
540,Lee
688,Lehua
590,Lincoln
74,Louisiana
441,Magnolia
596,Main
300,Maine
989,Malulani
241,Maple
458,Maryland
290,Massachusetts
362,Meadow
380,Mesquite
675,Michigan
566,Minnesota
769,Mississippi
997,Missouri
234,Montana
560,Mountain View
59,N 400
978,Narragansett
186,Navajo
695,Nebraska
942,Nevada
425,New Hampshire
542,New Jersey
869,New Mexico
419,New York
913,North
19,North Carolina
295,North Dakota
453,Oak
706,Ohio
885,Oklahoma
526,Orchard
148,Oregon
481,Palo Verde
826,Park
137,Pecan
722,Pennsylvania
284,Pine
427,Pinon
84,Pioneer
665,Pleasant
102,Quail
650,Redwood
434,Rhode Island
99,Ridge
884,River
993,S 100
158,S 400
863,Shore
179,Smith
853,South Carolina
805,South Dakota
605,Spruce
396,Sunset
673,Sycamore
24,Tennessee
308,Texas
692,Utah
319,Vermont
761,Virginia
398,Walnut
205,Washington
287,West
546,West Virginia
685,Williams
114,Willow
684,Wilson
407,Wisconsin
398,Wood
111,Wyoming
728,10th
312,11th
475,12th
942,13th
298,1st
260,2nd
741,3rd
285,4th
491,10th
62,11th
213,12th
141,13th
496,1st
312,2nd
25,3rd
490,4th
470,5th
888,6th
669,7th
452,5th
888,6th
867,7th
410,8th
640,9th
147,A
858,Airport
255,Aloha
526,Apache
689,Arkansas
421,Aspen
273,Bay
534,Birch
373,Broadway
718,California
457,Canyon
214,Cedar
411,Center
1,Cherry
332,Church
168,Colorado
418,Columbine
735,Connecticut
896,Cottonwood
731,County Line
210,Cypress
838,Delaware
29,Dogwood
324,8th
693,9th
274,A
719,Airport
366,Aloha
298,Apache
28,Arkansas
58,Aspen
618,Bay
789,Birch
457,Broadway
822,California
76,Canyon
3,Cedar
508,Center
190,Cherry
687,Church
915,Colorado
587,Columbine
797,Connecticut
406,Cottonwood
650,County Line
10,Cypress
547,Delaware
146,Dogwood
322,Elm
572,Evergreen
636,Florida
793,Georgia
460,Hampton
305,Hawaii
116,Hemlock
153,Hickory
579,Highland
835,Hill
520,Hillside
877,Holly
863,Idaho
578,Illinois
495,Indiana
651,Iowa
35,Jackson
317,Johnson
727,Juniper
38,Kahili
825,Kansas
917,Kentucky
725,Kukui
740,Lake
504,Lakeview
522,Laurel
145,Lee
154,Lehua
532,Lincoln
692,Louisiana
300,Magnolia
855,Main
264,Maine
936,Malulani
647,Maple
724,Maryland
242,Massachusetts
764,Meadow
878,Mesquite
821,Michigan
599,Minnesota
397,Mississippi
698,Missouri
462,Montana
976,Mountain View
193,N 400
113,Narragansett
10,Navajo
511,Nebraska
840,Nevada
48,New Hampshire
335,New Jersey
757,New Mexico
773,New York
75,North
261,North Carolina
295,North Dakota
220,Oak
415,Ohio
827,Oklahoma
912,Orchard
715,Oregon
682,Palo Verde
176,Park
652,Pecan
330,Pennsylvania
901,Pine
893,Pinon
93,Pioneer
779,Pleasant
714,Quail
692,Redwood
176,Rhode Island
413,Ridge
153,River
152,S 100
606,S 400
266,Shore
162,Smith
116,South Carolina
470,Elm
580,Evergreen
314,Florida
922,Georgia
468,Hampton
181,Hawaii
332,Hemlock
108,Hickory
328,Highland
190,Hill
363,Hillside
854,Holly
879,Idaho
784,Illinois
127,Indiana
412,Iowa
157,Jackson
845,Johnson
869,Juniper
371,Kahili
255,Kansas
870,Kentucky
703,Kukui
423,Lake
288,Lakeview
439,Laurel
319,Lee
19,Lehua
649,Lincoln
157,Louisiana
48,Magnolia
119,Main
736,Maine
362,Malulani
40,Maple
204,Maryland
543,Massachusetts
372,Meadow
312,Mesquite
871,Michigan
562,Minnesota
675,Mississippi
726,Missouri
441,Montana
459,Mountain View
853,N 400
853,Narragansett
616,Navajo
697,Nebraska
722,Nevada
988,New Hampshire
952,New Jersey
592,New Mexico
691,New York
106,South Dakota
210,Spruce
452,Sunset
863,Sycamore
983,Tennessee
527,Texas
124,Utah
278,Vermont
747,Virginia
539,Walnut
105,Washington
659,West
254,West Virginia
788,Williams
836,Willow
906,Wilson
117,Wisconsin
737,Wood
799,Wyoming
375,North
880,North Carolina
130,North Dakota
694,Oak
899,Ohio
778,Oklahoma
851,Orchard
947,Oregon
897,Palo Verde
587,Park
308,Pecan
937,Pennsylvania
792,Pine
851,Pinon
310,Pioneer
104,Pleasant
723,Quail
871,Redwood
780,Rhode Island
448,Ridge
312,River
239,S 100
301,S 400
165,Shore
855,Smith
998,South Carolina
887,South Dakota
843,Spruce
951,Sunset
478,Sycamore
534,Tennessee
326,Texas
359,Utah
664,Vermont
20,Virginia
258,Walnut
442,Washington
871,West
204,West Virginia
339,Williams
458,Willow
512,Wilson
276,Wisconsin
250,Wood
364,Wyoming
940,10th
144,11th
145,12th
518,13th
713,1st
155,2nd
390,3rd
986,4th
376,5th
907,6th
270,7th
758,8th
438,9th
114,A
331,Airport
838,Aloha
762,Apache
817,Arkansas
618,Aspen
203,Bay
202,Birch
210,10th
515,11th
514,12th
902,13th
692,1st
926,2nd
56,3rd
843,4th
532,5th
322,6th
5,7th
649,8th
428,9th
216,A
100,Airport
291,Aloha
199,Apache
627,Arkansas
414,Aspen
477,Bay
375,Birch
953,Broadway
582,California
34,Canyon
207,Cedar
370,Center
870,Cherry
113,Church
487,Colorado
607,Columbine
913,Connecticut
697,Cottonwood
122,County Line
426,Cypress
599,Delaware
814,Dogwood
353,Elm
655,Evergreen
657,Florida
885,Georgia
977,Hampton
662,Hawaii
533,Hemlock
405,Hickory
878,Highland
634,Hill
695,Hillside
77,Holly
261,Idaho
408,Broadway
972,California
887,Canyon
935,Cedar
630,Center
203,Cherry
410,Church
789,Colorado
931,Columbine
394,Connecticut
729,Cottonwood
75,County Line
539,Cypress
247,Delaware
788,Dogwood
695,Elm
636,Evergreen
774,Florida
71,Georgia
543,Hampton
44,Hawaii
829,Hemlock
981,Hickory
158,Highland
160,Hill
819,Hillside
920,Holly
978,Idaho
436,Illinois
123,Indiana
180,Iowa
110,Illinois
554,Indiana
636,Iowa
63,Jackson
136,Johnson
670,Juniper
270,Kahili
506,Kansas
539,Kentucky
383,Kukui
994,Lake
146,Lakeview
296,Laurel
691,Lee
268,Lehua
722,Lincoln
290,Louisiana
82,Magnolia
74,Main
945,Maine
739,Malulani
959,Maple
922,Maryland
401,Massachusetts
493,Meadow
327,Mesquite
279,Michigan
126,Minnesota
22,Mississippi
356,Missouri
387,Montana
131,Mountain View
910,N 400
23,Narragansett
194,Navajo
47,Nebraska
693,Nevada
464,New Hampshire
553,New Jersey
232,New Mexico
847,New York
547,North
378,North Carolina
142,North Dakota
237,Oak
646,Ohio
864,Oklahoma
528,Orchard
728,Oregon
939,Palo Verde
473,Park
467,Pecan
898,Pennsylvania
395,Pine
868,Pinon
390,Pioneer
722,Pleasant
147,Quail
517,Redwood
744,Rhode Island
503,Ridge
904,River
875,S 100
414,S 400
927,Shore
69,Smith
460,South Carolina
620,South Dakota
533,Spruce
13,Sunset
852,Sycamore
380,Tennessee
560,Texas
230,Utah
522,Vermont
797,Virginia
876,Walnut
386,Washington
325,West
604,West Virginia
325,Williams
798,Willow
71,Wilson
223,Wisconsin
194,Wood
939,Wyoming
845,Jackson
95,Johnson
67,Juniper
780,Kahili
725,Kansas
270,Kentucky
190,Kukui
514,Lake
201,Lakeview
584,Laurel
242,Lee
275,Lehua
124,Lincoln
489,Louisiana
63,Magnolia
818,Main
125,Maine
837,Malulani
889,Maple
668,Maryland
880,Massachusetts
718,Meadow
649,Mesquite
38,Michigan
878,Minnesota
468,Mississippi
958,Missouri
856,Montana
904,Mountain View
81,N 400
36,Narragansett
749,Navajo
176,Nebraska
103,Nevada
529,New Hampshire
900,New Jersey
372,New Mexico
719,New York
414,North
573,North Carolina
303,North Dakota
657,Oak
848,Ohio
427,Oklahoma
146,Orchard
911,Oregon
246,Palo Verde
271,Park
747,Pecan
586,10th
354,11th
86,12th
457,13th
134,1st
535,2nd
769,3rd
373,4th
836,5th
934,6th
228,7th
834,8th
821,9th
71,A
785,Airport
299,Aloha
605,Apache
112,Arkansas
658,Aspen
269,Bay
132,Birch
915,Broadway
711,California
3,Canyon
119,Cedar
50,Center
461,Cherry
632,Church
327,Colorado
712,Columbine
995,Connecticut
912,Cottonwood
66,County Line
82,Cypress
370,Delaware
200,Dogwood
616,Elm
139,Evergreen
572,Florida
452,Georgia
73,Hampton
800,Hawaii
287,Hemlock
894,Hickory
871,Highland
72,Hill
193,Hillside
477,Holly
183,Idaho
851,Illinois
746,Indiana
315,Iowa
766,Jackson
457,Johnson
318,Juniper
886,Kahili
507,Kansas
780,Kentucky
517,Kukui
833,Lake
491,Lakeview
513,Laurel
746,Lee
557,Lehua
595,Lincoln
116,Louisiana
757,Magnolia
211,Main
255,Maine
329,Malulani
663,Maple
328,Maryland
130,Massachusetts
950,Meadow
223,Mesquite
1,Michigan
22,Minnesota
416,Mississippi
478,Missouri
205,Montana
267,Mountain View
223,N 400
520,Narragansett
33,Navajo
680,Nebraska
839,Nevada
918,New Hampshire
187,New Jersey
618,New Mexico
436,New York
20,North
110,North Carolina
949,North Dakota
766,Oak
667,Ohio
543,Oklahoma
882,Orchard
424,Oregon
754,Palo Verde
137,Park
753,Pecan
417,Pennsylvania
465,Pine
882,Pinon
367,Pioneer
688,Pleasant
883,Quail
389,Redwood
104,Rhode Island
361,Ridge
594,River
371,S 100
584,S 400
114,Shore
403,Smith
264,South Carolina
953,South Dakota
322,Spruce
451,Sunset
571,Sycamore
758,Tennessee
471,Texas
681,Utah
706,Vermont
237,Virginia
348,Walnut
250,Washington
119,West
771,West Virginia
4,Williams
256,Willow
524,Wilson
421,Wisconsin
722,Wood
406,Wyoming
135,Pennsylvania
939,Pine
628,Pinon
853,Pioneer
588,Pleasant
666,Quail
731,Redwood
56,Rhode Island
624,Ridge
586,River
960,S 100
705,S 400
622,Shore
709,Smith
880,South Carolina
725,South Dakota
238,Spruce
781,Sunset
97,Sycamore
957,Tennessee
195,Texas
670,Utah
260,Vermont
851,Virginia
518,Walnut
687,Washington
997,West
428,West Virginia
933,Williams
268,Willow
176,Wilson
68,Wisconsin
207,Wood
803,Wyoming
788,10th
410,11th
289,12th
177,13th
513,1st
650,2nd
770,3rd
884,4th
235,5th
885,6th
287,7th
499,8th
838,9th
609,A
950,Airport
409,Aloha
367,Apache
421,Arkansas
90,Aspen
73,Bay
658,Birch
437,Broadway
323,California
778,Canyon
208,Cedar
326,Center
34,Cherry
732,Church
747,Colorado
756,Columbine
138,Connecticut
535,Cottonwood
165,County Line
428,Cypress
712,Delaware
679,Dogwood
78,Elm
482,Evergreen
563,Florida
313,Georgia
367,Hampton
850,Hawaii
811,Hemlock
205,Hickory
459,Highland
761,Hill
614,Hillside
826,Holly
182,Idaho
703,Illinois
899,Indiana
841,Iowa
141,Jackson
222,Johnson
618,Juniper
349,Kahili
548,Kansas
652,Kentucky
81,Kukui
295,Lake
408,Lakeview
220,Laurel
830,Lee
573,Lehua
647,Lincoln
542,Louisiana
252,Magnolia
725,Main
24,Maine
814,Malulani
38,Maple
391,Maryland
664,Massachusetts
849,Meadow
596,Mesquite
123,Michigan
611,Minnesota
210,Mississippi
949,Missouri
793,Montana
913,Mountain View
848,N 400
634,Narragansett
54,Navajo
69,Nebraska
252,Nevada
403,New Hampshire
617,New Jersey
904,New Mexico
485,New York
912,North
312,North Carolina
704,North Dakota
742,Oak
885,Ohio
352,Oklahoma
284,Orchard
137,Oregon
77,Palo Verde
309,Park
951,Pecan
115,Pennsylvania
700,Pine
615,Pinon
964,Pioneer
296,Pleasant
738,Quail
575,Redwood
506,Rhode Island
687,Ridge
368,River
419,S 100
535,S 400
1,Shore
473,Smith
605,South Carolina
253,South Dakota
877,Spruce
222,Sunset
158,Sycamore
361,Tennessee
134,Texas
470,Utah
66,Vermont
876,Virginia
355,Walnut
418,Washington
161,West
492,West Virginia
495,Williams
469,Willow
443,Wilson
610,Wisconsin
170,Wood
58,Wyoming
921,10th
795,11th
469,12th
651,13th
851,1st
93,2nd
238,3rd
811,4th
798,5th
860,6th
520,7th
678,8th
584,9th
758,A
459,Airport
681,Aloha
714,Apache
654,Arkansas
351,Aspen
975,Bay
505,Birch
869,Broadway
662,California
502,Canyon
297,Cedar
595,Center
771,Cherry
472,Church
663,Colorado
978,Columbine
276,Connecticut
584,Cottonwood
773,County Line
745,Cypress
235,Delaware
624,Dogwood
838,Elm
473,Evergreen
435,Florida
636,Georgia
333,Hampton
955,Hawaii
315,Hemlock
917,Hickory
713,Highland
774,Hill
598,Hillside
427,Holly
427,Idaho
949,Illinois
402,Indiana
933,Iowa
818,Jackson
64,Johnson
435,Juniper
115,Kahili
659,Kansas
205,Kentucky
587,Kukui
322,Lake
183,Lakeview
863,Laurel
906,Lee
956,Lehua
608,Lincoln
141,Louisiana
580,Magnolia
447,Main
615,Maine
15,Malulani
83,Maple
947,Maryland
970,Massachusetts
397,Meadow
865,Mesquite
683,Michigan
171,Minnesota
463,Mississippi
110,Missouri
598,Montana
413,Mountain View
511,N 400
531,Narragansett
231,Navajo
575,Nebraska
966,Nevada
345,New Hampshire
234,New Jersey
171,New Mexico
932,New York
556,North
354,North Carolina
796,North Dakota
462,Oak
311,Ohio
404,Oklahoma
603,Orchard
891,Oregon
850,Palo Verde
218,Park
906,Pecan
933,Pennsylvania
165,Pine
876,Pinon
331,Pioneer
30,Pleasant
559,Quail
502,Redwood
493,Rhode Island
669,Ridge
100,River
906,S 100
180,S 400
631,Shore
136,Smith
755,South Carolina
597,South Dakota
481,Spruce
988,Sunset
768,Sycamore
414,Tennessee
544,Texas
122,Utah
210,Vermont
6,Virginia
433,Walnut
613,Washington
609,West
324,West Virginia
464,Williams
827,Willow
230,Wilson
397,Wisconsin
992,Wood
106,Wyoming
